"","cd","res","wte","f38_central","f38_10","f38_90","f38_PRWIN","prob_win","10","50","90"
"6",0,0.512900624874017,0,0.527051548187612,0.48640527240263,0.567683307445527,0.807614285714286,0.922,0.504165409599795,0.554102712305928,0.596392252987515
"1",0,0.512900624874017,1,0.529397251128431,0.487801338151841,0.570804487598148,0.823285714285714,0.932,0.507596978935404,0.556311766749605,0.598267892077729
"2",0,0.512900624874017,2,0.529096766703431,0.487156788761827,0.570891623614094,0.819828571428571,0.906,0.500327706372639,0.544300766881105,0.592195112197576
"5",0,0.512900624874017,3,0.527583053946967,0.483868158662429,0.571210867766796,0.797571428571429,0.986,0.527118054648873,0.570006272251133,0.610596869286507
"7",0,0.512900624874017,4,0.523155815102124,0.477323571283303,0.568959005200616,0.745371428571429,0.96,0.513594889729886,0.555229227464508,0.599889436477385
"3",0,0.512900624874017,5,0.520018013306604,0.474592521572387,0.565269182718847,0.720714285714286,0.92,0.502592206423945,0.547631852154321,0.589209572524866
"4",0,0.512900624874017,6,0.519012733298448,0.473167044595616,0.564887493458922,0.705928571428571,0.976,0.521891508269696,0.562727772036438,0.609924913386537
"8",1,0.733008723879083,0,0.774898928792752,0.703071974503497,0.846696373240476,0.999928571428571,1,0.574679595404902,0.632256037058472,0.695468596508432
"11",1,0.733008723879083,1,0.774131672912916,0.70181780623838,0.846179951013663,0.999942857142857,0.996,0.565355714559845,0.622838297225139,0.685527022939139
"14",1,0.733008723879083,2,0.764467199811137,0.69117950836604,0.837445037920146,0.9999,0.99,0.557513596612989,0.61806382144979,0.678182325593429
"13",1,0.733008723879083,3,0.769956030336117,0.696874907781745,0.842697789712869,0.999914285714286,0.994,0.563659746926089,0.625605510772865,0.686822175201048
"12",1,0.733008723879083,4,0.779450174863872,0.707143594965101,0.851815780542152,0.999957142857143,0.996,0.55576220800716,0.612474308302948,0.675957894154888
"10",1,0.733008723879083,5,0.767373919202054,0.693407501401717,0.840750140171747,0.9999,0.998,0.555619139666637,0.614591566128884,0.675364955585967
"9",1,0.733008723879083,6,0.746097323457373,0.671260365331838,0.821185115235931,0.999742857142857,0.998,0.569289377038453,0.629317469414634,0.690576363022439
"16",2,0.536991869918699,0,0.535480810566418,0.475874234720349,0.595072562593575,0.788714285714286,0.952,0.514689449524581,0.563166486070238,0.610468445158031
"19",2,0.536991869918699,1,0.533512263115751,0.473620214122601,0.593211542453809,0.773328571428571,0.938,0.511409773826791,0.557709723251133,0.60554238255882
"21",2,0.536991869918699,2,0.561910701293302,0.487980162442277,0.63548487683193,0.8665,0.912,0.503370277315863,0.549885143339527,0.597765629639686
"17",2,0.536991869918699,3,0.567642211234353,0.49354833919848,0.641869719512376,0.885685714285714,0.928,0.50910536634078,0.555904089106297,0.602387795620125
"20",2,0.536991869918699,4,0.571354329071822,0.496057730856608,0.64611638231844,0.894928571428571,0.886,0.496874023065992,0.540738319867318,0.591208147198608
"18",2,0.536991869918699,5,0.560440702629664,0.485589558554947,0.635232452818982,0.857242857142857,0.884,0.497112722185231,0.542687173324532,0.588695391388028
"15",2,0.536991869918699,6,0.555585252498255,0.48048168441059,0.630956093070218,0.838085714285714,0.926,0.506099427034748,0.55136379027936,0.604965620847431
"22",3,0.55082766324769,0,0.587345966656312,0.512906995665616,0.66150386840042,0.935314285714286,0.998,0.558806508920922,0.611121187403529,0.665747581424169
"26",3,0.55082766324769,1,0.58107368452196,0.505954230092161,0.655468276157931,0.920071428571429,0.996,0.554337600402368,0.606257033028248,0.658745086251114
"28",3,0.55082766324769,2,0.574964126688265,0.500184913978017,0.649284752733029,0.905328571428571,0.996,0.546778433482395,0.599363807723648,0.650537890824428
"27",3,0.55082766324769,3,0.580910960221305,0.505806298909747,0.655956449059897,0.9194,0.996,0.552799064480618,0.606859706377499,0.660030067567142
"24",3,0.55082766324769,4,0.586547138271276,0.510554889865235,0.662184351839524,0.930385714285714,0.992,0.539008724526845,0.588794222082477,0.642624900924464
"23",3,0.55082766324769,5,0.574786609269368,0.49851329161674,0.650660512729478,0.900185714285714,0.988,0.540902842273369,0.594902069731306,0.644464542308246
"25",3,0.55082766324769,6,0.57003801831388,0.493720321306528,0.646192991020577,0.886357142857143,0.996,0.554806892406242,0.602915727839784,0.660736396590044
"31",4,0.766737567102198,0,0.79836709384043,0.727499557077895,0.869013169550582,0.999971428571429,1,0.593705875623213,0.652982603894609,0.71408325305099
"32",4,0.766737567102198,1,0.796728282052796,0.72510777771216,0.86799444870962,0.999985714285714,0.996,0.585410260692831,0.644609511052291,0.707340762369248
"30",4,0.766737567102198,2,0.7865706017835,0.714448119057462,0.858988365912715,1,0.99,0.577362841485808,0.639421307690602,0.695621205588789
"33",4,0.766737567102198,3,0.792513842746401,0.720073827980805,0.864318936877076,0.999971428571429,0.998,0.583978167901581,0.648100434035951,0.710481300274492
"29",4,0.766737567102198,4,0.802323864643005,0.730600011811256,0.873530975019193,0.999985714285714,1,0.576524597996988,0.633203338307338,0.697494350154993
"34",4,0.766737567102198,5,0.789744876867655,0.716736549932085,0.862177405067029,0.999985714285714,1,0.575295563455341,0.634742552903028,0.695969729155322
"35",4,0.766737567102198,6,0.768085985944605,0.693409319081084,0.842777416878285,0.9999,1,0.589843831967714,0.648326058715297,0.71457439204645
"39",5,0.624086495144659,0,0.642285714285714,0.5745,0.710157142857143,0.993171428571429,0.996,0.546668433026064,0.59772852477295,0.653965525648671
"37",5,0.624086495144659,1,0.637985714285714,0.569557142857143,0.705914285714286,0.991385714285714,0.98,0.536307860780953,0.589442097639735,0.648943901681599
"41",5,0.624086495144659,2,0.6314,0.562928571428571,0.6994,0.989185714285714,0.976,0.529442408983773,0.586499623426886,0.636688515148773
"42",5,0.624086495144659,3,0.638985714285714,0.570471428571429,0.707514285714286,0.991657142857143,0.982,0.534714400295502,0.592097722515987,0.64746816116556
"40",5,0.624086495144659,4,0.641914285714286,0.572957142857143,0.711171428571429,0.992285714285714,0.972,0.526071446508582,0.578760998634711,0.636564103709575
"36",5,0.624086495144659,5,0.630257142857143,0.560814285714286,0.699671428571429,0.987728571428571,0.986,0.524824458530673,0.578832265664473,0.634964208898005
"38",5,0.624086495144659,6,0.618271428571429,0.548928571428571,0.688114285714286,0.981185714285714,0.992,0.536778886800589,0.589846023631512,0.648800461669615
"45",6,0.538867464988837,0,0.544549783996579,0.487076655411881,0.601890214234109,0.849314285714286,0.978,0.520145259800444,0.566569387527215,0.617176027144654
"43",6,0.538867464988837,1,0.542904339105041,0.484882451845078,0.600911477537536,0.838185714285714,0.952,0.516329892891851,0.561521499378819,0.609269564482327
"47",6,0.538867464988837,2,0.541385209875815,0.482566885932568,0.599613580720333,0.826985714285714,0.932,0.509597383773888,0.555525983508485,0.600940894862928
"49",6,0.538867464988837,3,0.543482428586176,0.48487663879426,0.602058723768231,0.839685714285714,0.942,0.512749079831497,0.562374667171861,0.612233988077426
"48",6,0.538867464988837,4,0.545905194671073,0.486434251486405,0.605213850489075,0.848542857142857,0.924,0.504762227647133,0.546367497329257,0.60153643748728
"46",6,0.538867464988837,5,0.541204250295159,0.481227863046045,0.600900236127509,0.820742857142857,0.914,0.50182806249888,0.54941412709714,0.59554475328097
"44",6,0.538867464988837,6,0.53869877669072,0.47830064780793,0.598949341124736,0.805857142857143,0.958,0.514921022956195,0.559545270590429,0.612201992240827
"56",7,0.4747,0,0.510042857142857,0.456028571428571,0.5645,0.597185714285714,0.882,0.495747308894852,0.547341897103123,0.597517717188836
"50",7,0.4747,1,0.511685714285714,0.456857142857143,0.566342857142857,0.6075,0.85,0.491004276353907,0.540947681937729,0.590826219295879
"55",7,0.4747,2,0.513157142857143,0.459314285714286,0.567071428571429,0.622614285714286,0.812,0.486697570021735,0.534674933059812,0.58655745372571
"53",7,0.4747,3,0.510571428571429,0.457242857142857,0.564171428571429,0.602685714285714,0.856,0.48993153211146,0.540220346269365,0.589909558310122
"52",7,0.4747,4,0.513785714285714,0.460314285714286,0.567585714285714,0.632542857142857,0.758,0.478211923560916,0.525308521038202,0.577082947939814
"51",7,0.4747,5,0.512142857142857,0.4584,0.5657,0.614457142857143,0.73,0.474901738609757,0.525317818238022,0.573739676247269
"54",7,0.4747,6,0.5204,0.464871428571429,0.576314285714286,0.681557142857143,0.826,0.48597145533477,0.533278289274073,0.586872791584969
"62",8,0.747024717729631,0,0.796882150607479,0.726140037496863,0.867639026262567,1,1,0.606628539351721,0.661646309886305,0.723791973448689
"60",8,0.747024717729631,1,0.795022070003986,0.723689455114484,0.866325159804544,0.999971428571429,1,0.600795707836548,0.655012681257478,0.714358301049389
"59",8,0.747024717729631,2,0.784732576506887,0.712248483148555,0.85702475678708,0.999942857142857,0.998,0.590234600841751,0.648413748282849,0.706782659059155
"57",8,0.747024717729631,3,0.789884704527672,0.717769674781145,0.861763533562645,0.999971428571429,1,0.598827693226168,0.657724786048758,0.718758440451806
"61",8,0.747024717729631,4,0.799967522402161,0.72836918171216,0.871329662380608,0.999971428571429,1,0.587197804694604,0.641800410034963,0.703466623658792
"58",8,0.747024717729631,5,0.785714285714286,0.712720722848875,0.858574971948267,0.999971428571429,1,0.585542641811914,0.644621286246038,0.699524743852635
"63",8,0.747024717729631,6,0.763814050989829,0.689351776672227,0.838232037674014,0.999828571428571,1,0.599090350247674,0.656334963892861,0.720337259140133
"66",9,NA,0,NA,NA,NA,NA,0,0.271577894520974,0.310332668977895,0.350049629245965
"65",9,NA,1,NA,NA,NA,NA,0,0.262234727110106,0.301025138761085,0.341404829394819
"64",9,NA,2,NA,NA,NA,NA,0,0.257169981186732,0.294614072119032,0.333200026664136
"69",9,NA,3,NA,NA,NA,NA,0,0.251536536030956,0.293798738486693,0.336375934334063
"68",9,NA,4,NA,NA,NA,NA,0,0.247579805653827,0.287972866429911,0.328328816980002
"67",9,NA,5,NA,NA,NA,NA,0,0.244748821839711,0.283119818941997,0.328084421100625
"70",9,NA,6,NA,NA,NA,NA,0,0.250452151368357,0.292783074855628,0.330143415522373
"74",10,0.521819110884006,0,0.55142798013245,0.488514072847682,0.614607970671712,0.860428571428571,0.944,0.509380084074909,0.555478161316653,0.604499021365704
"72",10,0.521819110884006,1,0.552179890894576,0.488490708298221,0.615529043036028,0.861942857142857,0.91,0.504457106383187,0.55081218419665,0.598438664588227
"73",10,0.521819110884006,2,0.549962300971304,0.486583580964208,0.613533212105084,0.853028571428571,0.872,0.4954654824718,0.54352985298911,0.590259714179312
"77",10,0.521819110884006,3,0.549745029931269,0.486261178035622,0.612962826103023,0.8526,0.904,0.501095303706766,0.550057940839233,0.600062915461612
"76",10,0.521819110884006,4,0.554499216370465,0.49043380548245,0.618061921518763,0.870742857142857,0.85,0.489479361893549,0.534878119957556,0.587548742410616
"75",10,0.521819110884006,5,0.554498117204048,0.489453400800188,0.619145681336785,0.869971428571429,0.852,0.49024556281326,0.537218526362755,0.583029967460492
"71",10,0.521819110884006,6,0.590151637716757,0.516847818093571,0.663190716418349,0.943214285714286,0.912,0.501861852661137,0.545362014083894,0.59844414636949
"79",11,0.812943801988233,0,0.83560125880945,0.766012144851735,0.904850553314717,1,1,0.610217084084433,0.67004892243959,0.733490693615384
"78",11,0.812943801988233,1,0.833887386788411,0.763795931031426,0.903639023092948,1,0.998,0.600350813656392,0.659361719857577,0.725452041288204
"81",11,0.812943801988233,2,0.823027939068895,0.751680628813735,0.894301375530045,0.999985714285714,0.998,0.589764443743408,0.657079988434408,0.719573664164181
"82",11,0.812943801988233,3,0.829277662042167,0.758609990691902,0.89978281104561,1,1,0.595615920263001,0.661175363088523,0.726402447737035
"80",11,0.812943801988233,4,0.839368822303976,0.769439888893814,0.908544243015233,1,1,0.587174374068412,0.651786652742208,0.712613202758296
"84",11,0.812943801988233,5,0.826068325551156,0.754565872687511,0.897718541284946,1,1,0.586564128263865,0.646647526332038,0.707382741039484
"83",11,0.812943801988233,6,0.800629404724968,0.725632729045698,0.875256711434186,0.999957142857143,1,0.594574947482285,0.659429023238697,0.727411641406524
"85",12,0.654747351263244,0,0.652820339877714,0.593569009252064,0.71193970762892,0.998685714285714,1,0.56740144193849,0.617780923176997,0.673038445103268
"89",12,0.654747351263244,1,0.652315452972402,0.592618118896091,0.711954130861953,0.9985,0.992,0.561866205363416,0.611686407369227,0.664430385784747
"91",12,0.654747351263244,2,0.649543948147931,0.589186731970555,0.709461242924598,0.998085714285714,0.99,0.552297231710852,0.604679343942426,0.65745068272284
"90",12,0.654747351263244,3,0.702556546084138,0.630089147572386,0.775642820305017,0.999085714285714,0.996,0.558036038693853,0.612906804060534,0.669454140800941
"88",12,0.654747351263244,4,0.712370146614603,0.639298607529654,0.785250128932439,0.999242857142857,0.994,0.548604717397134,0.598394758932982,0.656936152070644
"87",12,0.654747351263244,5,0.702026081190599,0.628497752891771,0.775451263537906,0.9989,0.996,0.549009578921607,0.600167924045502,0.652332681646446
"86",12,0.654747351263244,6,0.685507993811243,0.611404995211081,0.759272084284978,0.998057142857143,1,0.560819706915593,0.611415773000883,0.671223021395649
"97",13,0.828069462780542,0,0.850062818712586,0.783208927647624,0.916621092306555,1,1,0.620586719483949,0.68050594925303,0.744422598844775
"93",13,0.828069462780542,1,0.848067400783386,0.780311876431897,0.914980415342547,1,1,0.609458392382902,0.671873470153686,0.738395682331409
"98",13,0.828069462780542,2,0.837102066152346,0.768023410481511,0.906047707723685,1,0.998,0.601455374182783,0.669221314247359,0.729439220081204
"96",13,0.828069462780542,3,0.844180031039834,0.776010642228956,0.912127706747469,1,1,0.608909258092438,0.675634082661243,0.740821754114286
"95",13,0.828069462780542,4,0.854334491168428,0.787465819229917,0.921084916118543,1,1,0.599754041401616,0.661742588689817,0.724871536495239
"94",13,0.828069462780542,5,0.840383080606544,0.770905382637226,0.909343501522273,0.999985714285714,1,0.60012518428015,0.662781091089419,0.723230265785501
"92",13,0.828069462780542,6,0.814219200354741,0.741364274628631,0.88671938511566,1,1,0.609861917434651,0.673442731384659,0.744934364092871
"100",14,0.601055194805195,0,0.649804244797033,0.575549733596303,0.723999882252509,0.992585714285714,0.872,0.495661540796704,0.53997329168268,0.587162785611052
"101",14,0.601055194805195,1,0.651511583409379,0.577095169409202,0.725736657737482,0.9926,0.804,0.485473696501521,0.531223076914351,0.577581802145649
"104",14,0.601055194805195,2,0.645006034558888,0.570236378087192,0.719760972594272,0.990571428571429,0.758,0.479785710803401,0.525881274754098,0.566914975210446
"102",14,0.601055194805195,3,0.645109063613082,0.570251096523505,0.719731535721645,0.990357142857143,0.788,0.480559663554995,0.531145746449021,0.577878848151951
"99",14,0.601055194805195,4,0.652659621441818,0.577698625298048,0.727664772894528,0.992685714285714,0.718,0.476002197970307,0.514922768484493,0.569982647706499
"103",14,0.601055194805195,5,0.644358423361102,0.568661505401666,0.719496040740632,0.989128571428571,0.678,0.473337431923204,0.51633252687373,0.562659372210005
"105",14,0.601055194805195,6,0.630537811662889,0.554811456830826,0.706072826822878,0.983328571428571,0.804,0.486504219841534,0.529654409543398,0.576149764262512
"111",15,0.393720788457631,0,0.339520870076426,0.262624926513815,0.416078777189888,0.00635714285714286,0.006,0.365469820054859,0.408695051989119,0.455925468109125
"107",15,0.393720788457631,1,0.339305925065777,0.261931709611512,0.416209780547675,0.00635714285714286,0.002,0.355042350252175,0.402099625011778,0.443997725900781
"106",15,0.393720788457631,2,0.341378448694016,0.263798450751841,0.418443990416416,0.00664285714285714,0,0.341226343260234,0.385348131342965,0.437088925657912
"110",15,0.393720788457631,3,0.348183969544192,0.270412887863243,0.426013846221687,0.00914285714285714,0,0.337663632221245,0.385481694718622,0.430015997967324
"112",15,0.393720788457631,4,0.343039407346435,0.265106639424985,0.421133861508386,0.00757142857142857,0,0.327069716301238,0.37395585704691,0.419254424551798
"108",15,0.393720788457631,5,0.339256319811875,0.261008230452675,0.417577895355673,0.00687142857142857,0,0.325927278386959,0.371988762088137,0.419939940975182
"109",15,0.393720788457631,6,0.343533215755438,0.265417401528513,0.422060552616108,0.00782857142857143,0,0.333610575110277,0.375392492807292,0.424111828850641
"115",16,0.283066289663839,0,0.296476683937824,0.218341968911917,0.374359733530718,0.0015,0,0.304948211710869,0.352634091572472,0.398296332985422
"113",16,0.283066289663839,1,0.30269254111343,0.223692585520375,0.380996787897627,0.0017,0,0.292918572469037,0.342577337241675,0.38934902660248
"116",16,0.283066289663839,2,0.310303478904515,0.231280532938564,0.389178386380459,0.00245714285714286,0,0.282649427336253,0.326063315949961,0.379562069630924
"119",16,0.283066289663839,3,0.308867505551443,0.229252405625463,0.388290155440415,0.00244285714285714,0,0.27689914108344,0.326422345631746,0.369855229407592
"118",16,0.283066289663839,4,0.303802714744586,0.223455748479062,0.38379442544814,0.00208571428571429,0,0.26717179578244,0.315014006645575,0.363381991197536
"117",16,0.283066289663839,5,0.305031306896399,0.224847166096778,0.385052622230117,0.00221428571428571,0,0.264378762017295,0.311293242812573,0.365460581255433
"114",16,0.283066289663839,6,0.313323464100666,0.232287194670614,0.393767579570688,0.00288571428571429,0,0.27157589861282,0.312628685495053,0.363394706656054
"125",17,0.578925914603078,0,0.588878333942273,0.532992327365729,0.644764340518816,0.977842857142857,0.984,0.524734723030174,0.572106923522575,0.623187599727244
"124",17,0.578925914603078,1,0.589309453201467,0.533387871970549,0.645026514542825,0.9778,0.956,0.516888643402267,0.565370858776582,0.615285346650406
"122",17,0.578925914603078,2,0.586339980118122,0.529910531547863,0.642842523829016,0.974528571428571,0.942,0.510866398300348,0.55892280814843,0.606071239131839
"121",17,0.578925914603078,3,0.607808797774802,0.54587999823397,0.669354957394517,0.980371428571429,0.962,0.514754055410976,0.567423182946204,0.615492146634437
"126",17,0.578925914603078,4,0.6491780600156,0.576329305802882,0.721938512708061,0.992857142857143,0.926,0.50673541476475,0.552448499359453,0.606811440038537
"123",17,0.578925914603078,5,0.641422243152953,0.56835273513959,0.714167978925371,0.990185714285714,0.932,0.506387159888278,0.552964886252041,0.600700020908206
"120",17,0.578925914603078,6,0.627573621392515,0.554077322697906,0.700878600126566,0.983871428571429,0.966,0.518862166252789,0.565213916164773,0.616884061469826
"131",18,0.216635436185717,0,0.1542323928016,0.0844553062282456,0.223476264533807,0,0,0.267302104280478,0.30793729047349,0.34751221003955
"130",18,0.216635436185717,1,0.157564985558765,0.0872546841442642,0.22743094127231,0,0,0.25590674650268,0.299873328252994,0.340098032820544
"128",18,0.216635436185717,2,0.164541213063764,0.09313485892024,0.23575501740354,0,0,0.252197487811065,0.291899979297829,0.331603447986852
"127",18,0.216635436185717,3,0.165429904465674,0.0935940161445605,0.236910316226024,0,0,0.246345255072783,0.290990979575465,0.334953256222295
"133",18,0.216635436185717,4,0.157757535362512,0.0869436421535955,0.228556617048063,0,0,0.242628557824361,0.284805835045381,0.328922791452922
"129",18,0.216635436185717,5,0.159683033399985,0.0882618677330963,0.230956083833222,0,0,0.242197511954572,0.281048310764218,0.326832452355476
"132",18,0.216635436185717,6,0.177497704451882,0.10331447528213,0.251355113888807,0.0000142857142857143,0,0.248707668014808,0.28939607966764,0.330944058928863
"137",19,0.7523,0,0.785314285714286,0.717585714285714,0.853557142857143,0.999985714285714,1,0.585296927319657,0.640469193988318,0.698659617343828
"135",19,0.7523,1,0.785228571428571,0.717085714285714,0.853357142857143,0.999971428571429,0.996,0.574980323902297,0.630947998026531,0.688288365929633
"134",19,0.7523,2,0.776157142857143,0.707114285714286,0.845014285714286,0.999957142857143,0.992,0.565963970669779,0.625740103859857,0.680160767118116
"136",19,0.7523,3,0.781785714285714,0.712985714285714,0.850742857142857,0.999942857142857,1,0.570247701422247,0.631909554486195,0.688059161453338
"139",19,0.7523,4,0.790728571428571,0.722428571428572,0.8589,1,0.998,0.562395426508911,0.619593064947541,0.673788584984664
"140",19,0.7523,5,0.779114285714286,0.709642857142857,0.848685714285714,0.999971428571429,1,0.563208571261732,0.614798210531385,0.669921078413087
"138",19,0.7523,6,0.755357142857143,0.684028571428571,0.8267,0.999914285714286,1,0.570950601430414,0.627563417615357,0.692199035328723
"143",20,NA,0,NA,NA,NA,NA,0.008,0.387586616832795,0.424522932921946,0.468807761217521
"141",20,NA,1,NA,NA,NA,NA,0.002,0.374781619957237,0.417579362652074,0.458356892537587
"145",20,NA,2,NA,NA,NA,NA,0,0.362526141013553,0.404834266904971,0.447960741310976
"144",20,NA,3,NA,NA,NA,NA,0.002,0.363029440725074,0.405997081516651,0.44362919551195
"142",20,NA,4,NA,NA,NA,NA,0,0.353510382429715,0.393798003967197,0.436126840241228
"147",20,NA,5,NA,NA,NA,NA,0,0.350631739127039,0.390767240637988,0.432877716446288
"146",20,NA,6,NA,NA,NA,NA,0,0.357261453181365,0.395009359852544,0.438123311355418
"149",21,0.513334014509043,0,0.531357254290172,0.476502488670975,0.585662283634202,0.782928571428571,0.982,0.529056371332506,0.58521319027857,0.638689414220427
"150",21,0.513334014509043,1,0.530641951103585,0.475269583816059,0.585568725306717,0.773614285714286,0.956,0.519485534578483,0.574533283270793,0.632455055558344
"153",21,0.513334014509043,2,0.530976791942863,0.468328627297024,0.593156869554713,0.743828571428571,0.948,0.510883071020789,0.57061885749496,0.625061757731087
"148",21,0.513334014509043,3,0.535620012971929,0.471243042671614,0.599906481439582,0.775271428571429,0.962,0.521496109527311,0.577697327932591,0.630219805140863
"151",21,0.513334014509043,4,0.543231296109108,0.477256611800914,0.608813722975725,0.815128571428571,0.93,0.508298248075919,0.561402911973775,0.616974315577243
"152",21,0.513334014509043,5,0.530556142947769,0.465486511796514,0.594991390508413,0.7374,0.928,0.509275640688315,0.560972727642165,0.614108334963148
"154",21,0.513334014509043,6,0.52490745637229,0.460376218176324,0.589348039586009,0.703614285714286,0.96,0.517732128990488,0.570661849606632,0.634172245119091
"158",22,0.525099683058992,0,0.614800927087793,0.540678191293051,0.689159863594089,0.9745,0.972,0.518811774667314,0.558261481548837,0.602880530175639
"156",22,0.525099683058992,1,0.616134175869604,0.54136892458513,0.690633673891218,0.974785714285714,0.952,0.514265331350944,0.554954740184539,0.59631136762063
"155",22,0.525099683058992,2,0.610169491525424,0.535359948030473,0.684934742809898,0.969257142857143,0.922,0.506103203313038,0.545746357791432,0.587720401501638
"159",22,0.525099683058992,3,0.609486411077813,0.534418872436853,0.684362036640635,0.967814285714286,0.938,0.50921963223688,0.552305914829874,0.59318182438368
"157",22,0.525099683058992,4,0.618407842674068,0.543170141144511,0.69346837536172,0.976471428571429,0.87,0.496658132788842,0.534547091943723,0.581249800847453
"160",22,0.525099683058992,5,0.609756097560976,0.533706372172681,0.684979035020374,0.966471428571429,0.868,0.494746098854839,0.537494209548814,0.576052480966039
"161",22,0.525099683058992,6,0.599805114273903,0.523578220043702,0.675352861276797,0.953842857142857,0.934,0.504980103069946,0.545218747338139,0.592537673858914
"167",23,0.502247191011236,0,0.581217121169937,0.521504037044092,0.640856937707897,0.959985714285714,0.168,0.426572183386443,0.465415096931774,0.510302974605139
"165",23,0.502247191011236,1,0.580047492011375,0.52041863328545,0.639353874116854,0.9583,0.098,0.412497240911732,0.457092860333849,0.498886727057622
"163",23,0.502247191011236,2,0.578186615846955,0.518419702411493,0.637924210217694,0.954471428571429,0.06,0.402569736667548,0.44579838807589,0.487337409592376
"162",23,0.502247191011236,3,0.563970695970696,0.502622710622711,0.625274725274725,0.909271428571429,0.044,0.405163060372784,0.447811746198607,0.487974291114522
"166",23,0.502247191011236,4,0.551634847487382,0.490834613415259,0.612230268451467,0.867785714285714,0.028,0.392358385155323,0.435712800560836,0.477321292980112
"164",23,0.502247191011236,5,0.538526808572891,0.477741204008485,0.599136859044693,0.797557142857143,0.018,0.39180103988526,0.429984270036164,0.476468002823647
"168",23,0.502247191011236,6,0.533475741792006,0.471703634341897,0.594838181073331,0.764157142857143,0.05,0.397956654332559,0.438404904956363,0.482651161509088
"173",24,0.515639327559857,0,0.597314285714286,0.529914285714286,0.664957142857143,0.9637,0.996,0.533920163137211,0.585556394564725,0.637616182004098
"169",24,0.515639327559857,1,0.599271428571429,0.531271428571429,0.667171428571429,0.965771428571429,0.976,0.531536411091464,0.582175960384629,0.633095228383546
"175",24,0.515639327559857,2,0.594514285714286,0.526771428571429,0.662385714285714,0.958928571428571,0.97,0.524231784241491,0.574069624175511,0.624959836722411
"172",24,0.515639327559857,3,0.592642857142857,0.524528571428571,0.6607,0.9551,0.974,0.529030125140638,0.580242317156309,0.633502882050421
"171",24,0.515639327559857,4,0.600485714285714,0.532157142857143,0.668571428571429,0.966342857142857,0.954,0.516015684609048,0.563482716778466,0.618311659314347
"170",24,0.515639327559857,5,0.593342857142857,0.524714285714286,0.661971428571429,0.954957142857143,0.958,0.51634071965934,0.567414932183061,0.616161588899466
"174",24,0.515639327559857,6,0.585228571428571,0.516414285714286,0.654185714285714,0.940871428571429,0.982,0.528700341831338,0.577716857594891,0.635658895764661
"177",25,0.544502085240566,0,0.619822550505422,0.548813324897371,0.690728778894398,0.982042857142857,0.988,0.530845902156197,0.582054281159264,0.633007217594468
"179",25,0.544502085240566,1,0.621190942130277,0.54966673042685,0.692273737180525,0.981828571428571,0.964,0.522096602571005,0.574225584084834,0.625795707797201
"181",25,0.544502085240566,2,0.616879772817562,0.544914144460957,0.688374556744111,0.978414285714286,0.944,0.515591910813831,0.567345097076481,0.618715322831406
"180",25,0.544502085240566,3,0.616247075614673,0.544134308373674,0.688006709533128,0.9781,0.966,0.521600447909538,0.576291353685226,0.632410428783804
"176",25,0.544502085240566,4,0.624736989244148,0.552285802569045,0.697041037034857,0.983671428571429,0.94,0.510444097962303,0.560150509461109,0.615525279204983
"178",25,0.544502085240566,5,0.617733178347042,0.545429130556332,0.690169651133705,0.978185714285714,0.94,0.512501091283246,0.561230621813949,0.614363913096566
"182",25,0.544502085240566,6,0.60833100363433,0.535482541971367,0.680738048644115,0.969771428571429,0.974,0.524584887578738,0.572106644620713,0.630589408524117
"189",26,0.603455284552846,0,0.692762120832658,0.619160565123234,0.766378408638902,0.998614285714286,1,0.577999315830269,0.629147847286373,0.686356287803095
"185",26,0.603455284552846,1,0.691937123410775,0.617702087538119,0.765627071701115,0.9984,1,0.576212567563812,0.625890270205728,0.681312234613634
"187",26,0.603455284552846,2,0.684438486129731,0.609540505900205,0.758644057808748,0.997842857142857,0.996,0.564592739636982,0.618091875179972,0.670790995483485
"184",26,0.603455284552846,3,0.686191605651232,0.611735588326286,0.760853872331649,0.997914285714286,0.998,0.571725325485311,0.625352105009202,0.68066801958189
"183",26,0.603455284552846,4,0.696710322780241,0.622018591906186,0.771431517847935,0.998585714285714,0.998,0.560600572662047,0.608811984553828,0.6666852434079
"188",26,0.603455284552846,5,0.686221069844871,0.611116840259874,0.761163246364855,0.997685714285714,0.996,0.563442631248491,0.614582961565363,0.663848762871409
"186",26,0.603455284552846,6,0.671459508831892,0.596149029891424,0.746858380353276,0.996242857142857,1,0.576332229727301,0.624125787666851,0.683667966486866
"196",27,0.622304756009491,0,0.671588188347965,0.596095297212616,0.747214093582809,0.996071428571429,0.976,0.523649796826109,0.568435439252483,0.615361939910251
"194",27,0.622304756009491,1,0.67440039013433,0.598516307319452,0.750018472269429,0.996657142857143,0.932,0.511461118712341,0.558870453833441,0.606846185829422
"195",27,0.622304756009491,2,0.668311930130488,0.591969735033767,0.744462013625146,0.9957,0.916,0.503104305890221,0.55127919070596,0.594599597999864
"192",27,0.622304756009491,3,0.670380824306551,0.59403862920983,0.746915131005335,0.9957,0.926,0.505753030206221,0.554692687252823,0.60230438788317
"191",27,0.622304756009491,4,0.677928527090538,0.601179391682185,0.754529869055009,0.996642857142857,0.884,0.497123427839445,0.545609312631465,0.592861223717129
"193",27,0.622304756009491,5,0.670439935568724,0.593565739112444,0.747388021102721,0.9958,0.868,0.495874057303022,0.538186297956476,0.586611708907617
"190",27,0.622304756009491,6,0.652425778421434,0.575167358761028,0.729979754392706,0.991585714285714,0.93,0.505715240146451,0.550521601315361,0.602889669462256
"197",28,NA,0,NA,NA,NA,NA,0,0.362139347467915,0.405117216999466,0.447481624174677
"198",28,NA,1,NA,NA,NA,NA,0,0.353553751453083,0.397613378867496,0.439055727230224
"199",28,NA,2,NA,NA,NA,NA,0,0.341228490686352,0.382939544756799,0.430475524574989
"203",28,NA,3,NA,NA,NA,NA,0,0.337693565445408,0.382375331908955,0.424088858746699
"201",28,NA,4,NA,NA,NA,NA,0,0.327069871932639,0.371186573159631,0.413997452900101
"202",28,NA,5,NA,NA,NA,NA,0,0.32616567448566,0.368694620642151,0.41355846267367
"200",28,NA,6,NA,NA,NA,NA,0,0.334374032810435,0.372459167708287,0.419304424389347
"208",29,0.241588360109124,0,0.274754894700986,0.189849234323628,0.359379165309084,0.00112857142857143,0,0.30886962777343,0.350350072167093,0.389497669150101
"205",29,0.241588360109124,1,0.281404579248245,0.195817659429519,0.366413909540594,0.00151428571428571,0,0.299165518475559,0.341237203996521,0.378976865931943
"210",29,0.241588360109124,2,0.289165012884689,0.203444803175261,0.374263203104173,0.00197142857142857,0,0.288423485178244,0.326946002637178,0.372110905832165
"206",29,0.241588360109124,3,0.287609964159829,0.201578744705429,0.373581943662806,0.00201428571428571,0,0.283404879539751,0.327252017091525,0.36525773193982
"204",29,0.241588360109124,4,0.281641539053938,0.194914250170315,0.367791238411185,0.00162857142857143,0,0.277963721377609,0.316995025037365,0.35861854149909
"209",29,0.241588360109124,5,0.283152157815231,0.196647018749445,0.369879446698854,0.00178571428571429,0,0.273179630046619,0.314768427899245,0.356858188717862
"207",29,0.241588360109124,6,0.293030419715056,0.205473771511507,0.380113148307218,0.00235714285714286,0,0.280545565816176,0.31590244908612,0.357037132492608
"215",30,NA,0,NA,NA,NA,NA,0,0.246829148969494,0.289900721656776,0.333555110630428
"213",30,NA,1,NA,NA,NA,NA,0,0.234285502628423,0.280099663411911,0.326957780240093
"217",30,NA,2,NA,NA,NA,NA,0,0.231476607783806,0.275441714275385,0.318996136213198
"216",30,NA,3,NA,NA,NA,NA,0,0.223615369334654,0.273886935749659,0.322896720880685
"214",30,NA,4,NA,NA,NA,NA,0,0.220681808485849,0.268954022589682,0.315972592352902
"212",30,NA,5,NA,NA,NA,NA,0,0.217158448356733,0.26208403592088,0.312601497747104
"211",30,NA,6,NA,NA,NA,NA,0,0.22530118725223,0.272661471539873,0.317654859354594
"222",31,0.514806146331536,0,0.572720466256588,0.523878033383737,0.621416092898983,0.972971428571429,0.992,0.540019954720018,0.588445257955815,0.639250317449209
"219",31,0.514806146331536,1,0.570532869330279,0.520931530182224,0.619972688427823,0.967728571428571,0.98,0.533462443409229,0.582874208086011,0.633212711725647
"218",31,0.514806146331536,2,0.569283878075652,0.519324274697025,0.618949687844289,0.964957142857143,0.974,0.524521064243689,0.574566464329764,0.623836610632868
"220",31,0.514806146331536,3,0.56957729095958,0.519724952616036,0.619385551196721,0.965785714285714,0.986,0.531705045006655,0.582910795567079,0.633598656922291
"224",31,0.514806146331536,4,0.574853379977364,0.524245586700572,0.625314185762792,0.9722,0.956,0.522503637565859,0.56669222910604,0.623588186512424
"223",31,0.514806146331536,5,0.560178240536486,0.500220594723374,0.620047648460249,0.902314285714286,0.972,0.523262950067054,0.568764738544875,0.61886168788436
"221",31,0.514806146331536,6,0.555482137350778,0.493091346930385,0.617784825925436,0.881142857142857,0.99,0.531942334430581,0.57804641199939,0.63479718789385
"228",32,0.466741481330341,0,0.495053706793104,0.442283489917172,0.547604413615477,0.462885714285714,0.856,0.492197455647224,0.542677389455583,0.591755709693879
"225",32,0.466741481330341,1,0.499970725995316,0.449897540983607,0.549663348946136,0.498857142857143,0.832,0.485764979412108,0.536449358203799,0.587073141859774
"227",32,0.466741481330341,2,0.498257839721254,0.448101191696191,0.548370567739291,0.480942857142857,0.794,0.47950379490427,0.530084710613444,0.581882528971892
"231",32,0.466741481330341,3,0.498074642381294,0.447912853775312,0.548046091450827,0.481971428571429,0.826,0.484474599832566,0.537203917305352,0.587407401973148
"229",32,0.466741481330341,4,0.500043929010719,0.449335207637791,0.550430504305043,0.4992,0.722,0.474047044774452,0.520421736750496,0.572554740781595
"226",32,0.466741481330341,5,0.500878580214374,0.447768406255491,0.553739823112517,0.508642857142857,0.71,0.472067848060046,0.522653993196136,0.570749434339019
"230",32,0.466741481330341,6,0.516415898735661,0.460216534567883,0.572263650614589,0.643871428571429,0.808,0.485260247835609,0.531831550751381,0.585459286083416
"233",33,0.223411848679515,0,0.187360879755885,0.109969485678907,0.264560637999912,0.0000285714285714286,0,0.317914838341227,0.355959010115455,0.39158239240135
"238",33,0.223411848679515,1,0.190220676032254,0.111974291315949,0.268113271518493,0.0000142857142857143,0,0.308326862330003,0.346040190586026,0.385247375580216
"236",33,0.223411848679515,2,0.196500434865929,0.117649660214927,0.274746819582234,0.0000428571428571429,0,0.300416009025757,0.334447897055237,0.374903531157225
"234",33,0.223411848679515,3,0.198475758067131,0.119448088801097,0.277680321948199,0.0000428571428571429,0,0.294973369700101,0.336668058642555,0.373123579757264
"237",33,0.223411848679515,4,0.191046184235742,0.112210150802659,0.269926441322582,0.0000428571428571429,0,0.291719761110162,0.328379384702917,0.367736234474528
"235",33,0.223411848679515,5,0.192112634527495,0.113106295149639,0.27094206103494,0.0000428571428571429,0,0.287392080292022,0.32593929502846,0.362426687809845
"232",33,0.223411848679515,6,0.207114111767914,0.126258531479871,0.287866503530522,0.0000571428571428571,0,0.296537849544691,0.329872862073519,0.367609658560854
"245",34,0.4001,0,0.316571428571429,0.2404,0.392571428571429,0.00285714285714286,0,0.329244670023727,0.376691348131594,0.42406924507188
"243",34,0.4001,1,0.317042857142857,0.240271428571429,0.393657142857143,0.00291428571428571,0,0.313634376781056,0.36734860696545,0.4128341517473
"241",34,0.4001,2,0.3198,0.243057142857143,0.396257142857143,0.00315714285714286,0,0.300948354587165,0.350873420409894,0.403195941897298
"239",34,0.4001,3,0.325671428571429,0.248385714285714,0.4027,0.00414285714285714,0,0.295280805813098,0.346956028136056,0.394468169463279
"244",34,0.4001,4,0.320014285714286,0.242685714285714,0.397328571428571,0.00352857142857143,0,0.287337627486982,0.336053852713871,0.388622356007946
"242",34,0.4001,5,0.316714285714286,0.239257142857143,0.394371428571429,0.00308571428571429,0,0.28535633737259,0.335656902813777,0.387576061489466
"240",34,0.4001,6,0.3233,0.245171428571429,0.401185714285714,0.00392857142857143,0,0.294771392867048,0.337309282705229,0.389250297365252
"248",35,0.267728674203494,0,0.260133643401725,0.185157928821642,0.334903299873421,0.000328571428571429,0,0.367706793715431,0.400825732041132,0.438128753092946
"251",35,0.267728674203494,1,0.260881725178479,0.185574446161772,0.335556046220652,0.000371428571428571,0,0.354526053030613,0.394706012408608,0.429662652370828
"249",35,0.267728674203494,2,0.265474350482078,0.190108191653787,0.340928829027747,0.0004,0,0.347100967868484,0.383043405689983,0.42178283264119
"246",35,0.267728674203494,3,0.269376821406494,0.193518000647611,0.34533867121957,0.000471428571428571,0,0.346725942540791,0.386201109814079,0.418368104901929
"247",35,0.267728674203494,4,0.26338641782697,0.187115480851314,0.339480733566866,0.000371428571428571,0,0.335452205662491,0.373860681138811,0.410800197015241
"252",35,0.267728674203494,5,0.262017603249831,0.185717229401548,0.338111918989727,0.000414285714285714,0,0.336493861136318,0.37252488314981,0.411408274111966
"250",35,0.267728674203494,6,0.272217479614966,0.195387242059404,0.348988843425274,0.000614285714285714,0,0.345053084337882,0.378389455365443,0.416404275304223
"257",36,0.7256,0,0.771885714285714,0.705042857142857,0.8391,0.999957142857143,1,0.564082433859723,0.613217196978201,0.668120782925906
"258",36,0.7256,1,0.770842857142857,0.7037,0.8384,0.999971428571429,0.992,0.552132171265401,0.604574912060588,0.661907881840299
"255",36,0.7256,2,0.761257142857143,0.693214285714286,0.829842857142857,0.999914285714286,0.988,0.5417893087052,0.601299648813209,0.649889702370441
"253",36,0.7256,3,0.765757142857143,0.697914285714286,0.8337,0.999885714285714,0.992,0.552324927720314,0.607210375653535,0.661815345901666
"259",36,0.7256,4,0.774742857142857,0.707028571428571,0.842328571428571,0.999971428571429,0.988,0.542501621414793,0.593720784201282,0.650048361549058
"256",36,0.7256,5,0.762457142857143,0.6939,0.831357142857143,0.999957142857143,0.992,0.540580731063432,0.594531407281218,0.648643461414104
"254",36,0.7256,6,0.7413,0.671014285714286,0.811414285714286,0.999814285714286,0.998,0.55487876378323,0.606440265727726,0.664566420513399
